ID,payoutNumber,claim_ID,amount,status,processedBy_ID
12000001-0001-0001-0001-000000000001,PAY001,d1000005-0005-0005-0005-000000000005,280000,Pending,e4444444-4444-4444-4444-444444444444
12000002-0002-0002-0002-000000000002,PAY002,d1000007-0007-0007-0007-000000000007,0,OnHold,e8888888-8888-8888-8888-888888888888
12000003-0003-0003-0003-000000000003,PAY003,d1000008-0008-0008-0008-000000000008,330000,Processed,e4444444-4444-4444-4444-444444444444
12000004-0004-0004-0004-000000000004,PAY004,d1000004-0004-0004-0004-000000000004,0,OnHold,e8888888-8888-8888-8888-888888888888
12000005-0005-0005-0005-000000000005,PAY005,d1000001-0001-0001-0001-000000000001,0,OnHold,e4444444-4444-4444-4444-444444444444
12000006-0006-0006-0006-000000000006,PAY006,d1000002-0002-0002-0002-000000000002,0,OnHold,e8888888-8888-8888-8888-888888888888
12000007-0007-0007-0007-000000000007,PAY007,d1000003-0003-0003-0003-000000000003,0,OnHold,e4444444-4444-4444-4444-444444444444
12000008-0008-0008-0008-000000000008,PAY008,d1000010-0010-0010-0010-000000000010,450000,OnHold,e8888888-8888-8888-8888-888888888888
12000009-0009-0009-0009-000000000009,PAY009,d1000006-0006-0006-0006-000000000006,0,OnHold,e4444444-4444-4444-4444-444444444444
275d538d-383e-470e-9e73-7fd56ee8967d,PAY010,60970751-5c15-49f6-8af8-69ce19e83c18,0,OnHold,e4444444-4444-4444-4444-444444444444
266c9e83-f1a5-465f-9443-8a5b71fc4b63,PAY011,b3e239ae-95da-4947-862b-065ba29fbac1,0,OnHold,e8888888-8888-8888-8888-888888888888
0ae0e698-326d-44ea-82dd-2e4c0208885c,PAY012,2e523948-ab8f-43cc-8929-af95081c4472,80750,Pending,5003f5af-27ee-4d85-9186-74dcc2c3f8b7
a91668d4-4c39-4ebe-93e2-7e93f5dc6181,PAY013,a50715b0-5e5c-4691-8398-e9a0c3ffb0f3,0,Failed,fb27232b-1a64-490d-8c38-da55e344a90e
5fb34d3d-e0f8-4032-be06-7848542f3cd5,PAY014,6d76b15a-be43-4c16-8b53-e6b8f2f03833,0,OnHold,798c0654-0ebf-42aa-b1de-d157da7517f7
13bb8e34-04c4-48ba-9e0c-2f254d08ca5f,PAY015,18ff5c6c-7337-43c5-a2d0-2d139da79a8d,0,OnHold,775fe072-78b2-4e2b-923c-ba79a8523490
ef6763dd-9157-4bfb-8422-668de9cd9650,PAY016,4734b539-ab7a-4848-84bf-b3eea1c496a6,0,OnHold,7718af4d-a8ab-4675-885f-b069eafde19f
28ac45b5-4df0-4b30-90cd-00891f7d2970,PAY017,a10a6610-db9a-48e7-9e89-609cb6e7a525,123250,Pending,10239efc-1cd0-49fe-a4a4-62ef8d782542
0c178031-1ede-405e-b8d4-e97d8f26bb4c,PAY018,75955175-79b9-4b94-a333-f9824dd01ba0,0,Failed,e4444444-4444-4444-4444-444444444444
7707fe4d-1785-44df-8bc0-6e8c85c7efc1,PAY019,360dcd8a-c1a8-4706-a962-7fc1e345e8bf,0,OnHold,e8888888-8888-8888-8888-888888888888
55716b47-cbf3-4cbc-9fc4-a28bb6a529b9,PAY020,ebf1b717-c863-41da-9c64-3eea3aac60a3,0,OnHold,5003f5af-27ee-4d85-9186-74dcc2c3f8b7
8dc29f47-fcc4-43c8-95d6-dc6ebc1bc897,PAY021,78e5789c-7645-48dc-bf5a-f608ea8c480d,0,OnHold,fb27232b-1a64-490d-8c38-da55e344a90e
d490d1ee-264e-43b6-822c-ebadfdf842f0,PAY022,ce3af21d-729d-4078-b67e-aca6aa622bb1,80750,Pending,798c0654-0ebf-42aa-b1de-d157da7517f7
e48d977b-a177-448f-9689-1e6f7ee8fd1b,PAY023,f68bd80c-2a29-4449-8168-a99b185b795d,0,Failed,775fe072-78b2-4e2b-923c-ba79a8523490
2e53beb8-bbc0-4017-b57e-90f1e3b4aded,PAY024,cbdadda3-c756-4885-84ba-b4b53c3e3c43,0,OnHold,7718af4d-a8ab-4675-885f-b069eafde19f
47043d82-16d2-48eb-873d-c8faf70ff87c,PAY025,8f5ef171-abba-44fa-b336-8402db3de23d,0,OnHold,10239efc-1cd0-49fe-a4a4-62ef8d782542
bf9f9eb4-bd4f-4a2b-9ecd-e3f05396cdf0,PAY026,ceed6957-4756-4ffc-9fbe-04d46344486b,0,OnHold,e4444444-4444-4444-4444-444444444444
4bfb7592-764b-48b2-85f5-e8b6fcf0d987,PAY027,9a5b0f6c-282e-4721-a92c-3788d0a372d2,123250,Pending,e8888888-8888-8888-8888-888888888888
9d0e417f-e65f-438b-848f-aea0590dc9f7,PAY028,0f150c6c-f075-4c42-8809-67499bb04b66,0,Failed,5003f5af-27ee-4d85-9186-74dcc2c3f8b7
5b295efd-f123-425d-8125-1eff4ed51763,PAY029,e88cd4a0-aa9d-4137-b3f5-f925976882cd,0,OnHold,fb27232b-1a64-490d-8c38-da55e344a90e
df7f2326-3c04-4564-818b-fa699028e1cb,PAY030,26ebcff3-8670-4e0b-8ee9-796d0aa6e53c,0,OnHold,798c0654-0ebf-42aa-b1de-d157da7517f7
38cda9b7-9b7b-4dcb-9b78-e2635ac16337,PAY031,4bcd1de6-a5b4-421c-bfbe-136ce938ce56,0,OnHold,775fe072-78b2-4e2b-923c-ba79a8523490
e764ca5d-3911-4a30-88f2-f026ec600e66,PAY032,d7644fad-a3c3-4d94-92ba-84c396fec2e5,80750,Pending,7718af4d-a8ab-4675-885f-b069eafde19f
9fa5129b-353c-4f72-802a-4689c19b8d6d,PAY033,2bd986d5-2123-4385-9f43-8823864bbdba,0,Failed,10239efc-1cd0-49fe-a4a4-62ef8d782542
72e1483b-1ed3-494b-9c44-0d5ecade980f,PAY034,ea663a96-b30d-4d79-aaa8-42f1e223a063,0,OnHold,e4444444-4444-4444-4444-444444444444
